nombre,apellido,email,telefono
Juan,Pérez,juan.perez1@example.com,+54 351 100-0001
María,González,maria.gonzalez2@example.com,+54 351 100-0002
Carlos,Rodríguez,carlos.rodriguez3@example.com,+54 351 100-0003
Ana,Martínez,ana.martinez4@example.com,+54 351 100-0004
Luis,García,luis.garcia5@example.com,+54 351 100-0005
Laura,Fernández,laura.fernandez6@example.com,+54 351 100-0006
Diego,López,diego.lopez7@example.com,+54 351 100-0007
Sofía,Díaz,sofia.diaz8@example.com,+54 351 100-0008
Pablo,Sánchez,pablo.sanchez9@example.com,+54 351 100-0009
Valentina,Romero,valentina.romero10@example.com,+54 351 100-0010
Martín,Torres,martin.torres11@example.com,+54 351 100-0011
Camila,Flores,camila.flores12@example.com,+54 351 100-0012
Alejandro,Benítez,alejandro.benitez13@example.com,+54 351 100-0013
Lucía,Morales,lucia.morales14@example.com,+54 351 100-0014
Fernando,Castro,fernando.castro15@example.com,+54 351 100-0015
Carolina,Vargas,carolina.vargas16@example.com,+54 351 100-0016
Javier,Herrera,javier.herrera17@example.com,+54 351 100-0017
Gabriela,Medina,gabriela.medina18@example.com,+54 351 100-0018
Sebastián,Silva,sebastian.silva19@example.com,+54 351 100-0019
Florencia,Rojas,florencia.rojas20@example.com,+54 351 100-0020
Matías,Navarro,matias.navarro21@example.com,+54 351 100-0021
Victoria,Mendoza,victoria.mendoza22@example.com,+54 351 100-0022
Nicolás,Acosta,nicolas.acosta23@example.com,+54 351 100-0023
Agustina,Ríos,agustina.rios24@example.com,+54 351 100-0024
Facundo,Suárez,facundo.suarez25@example.com,+54 351 100-0025
Emilia,Cabrera,emilia.cabrera26@example.com,+54 351 100-0026
Tomás,Ortiz,tomas.ortiz27@example.com,+54 351 100-0027
Julieta,Molina,julieta.molina28@example.com,+54 351 100-0028
Ignacio,Vega,ignacio.vega29@example.com,+54 351 100-0029
Micaela,Gutiérrez,micaela.gutierrez30@example.com,+54 351 100-0030
Santiago,Ramos,santiago.ramos31@example.com,+54 351 100-0031
Catalina,Figueroa,catalina.figueroa32@example.com,+54 351 100-0032
Maximiliano,Escobar,maximiliano.escobar33@example.com,+54 351 100-0033
Antonella,Peña,antonella.pena34@example.com,+54 351 100-0034
Rodrigo,Luna,rodrigo.luna35@example.com,+54 351 100-0035
Milagros,Domínguez,milagros.dominguez36@example.com,+54 351 100-0036
Francisco,Aguilar,francisco.aguilar37@example.com,+54 351 100-0037
Renata,Pereyra,renata.pereyra38@example.com,+54 351 100-0038
Ezequiel,Sosa,ezequiel.sosa39@example.com,+54 351 100-0039
Guillermina,Ponce,guillermina.ponce40@example.com,+54 351 100-0040
Bruno,Carrizo,bruno.carrizo41@example.com,+54 351 100-0041
Delfina,Cortez,delfina.cortez42@example.com,+54 351 100-0042
Benjamín,Miranda,benjamin.miranda43@example.com,+54 351 100-0043
Pilar,Paredes,pilar.paredes44@example.com,+54 351 100-0044
Thiago,Ledesma,thiago.ledesma45@example.com,+54 351 100-0045
Mía,Godoy,mia.godoy46@example.com,+54 351 100-0046
Lorenzo,Quiroga,lorenzo.quiroga47@example.com,+54 351 100-0047
Emma,Villalba,emma.villalba48@example.com,+54 351 100-0048
Santino,Ibáñez,santino.ibanez49@example.com,+54 351 100-0049
Olivia,Cáceres,olivia.caceres50@example.com,+54 351 100-0050
